Case,Set,FaultIndex,FaultStart,FaultEnd,Sensor,Samples,Detected,Delay,Anomalies,False alarms pre,False alarms post,False alarm rate
FaultyCase1,Set1_1,1,1566,5181,Air_Delivery_P,5811,True,1471.0,1823,0,14,0.006378132118451025
FaultyCase1,Set1_1,1,1566,5181,P_Bottom_Riser,5811,True,3096.0,333,0,12,0.005466970387243736
FaultyCase1,Set1_1,1,1566,5181,P_Top_Riser,5811,True,3082.0,447,125,80,0.09339407744874716
FaultyCase1,Set1_1,1,1566,5181,P_Top_Separator,5811,True,3083.0,393,108,78,0.0847380410022779
FaultyCase1,Set1_1,1,1566,5181,P_3Phase_Separator,5811,True,474.0,974,308,156,0.21138952164009112
FaultyCase1,Set1_1,1,1566,5181,Diff_P_Riser,5811,True,3093.0,322,0,8,0.0036446469248291574
FaultyCase1,Set1_1,1,1566,5181,Diff_P_VC404,5811,True,683.0,1215,0,564,0.2569476082004556
FaultyCase1,Set1_1,1,1566,5181,Air_In_Flow,5811,True,2805.0,4,0,3,0.001366742596810934
FaultyCase1,Set1_1,1,1566,5181,Water_In_Flow,5811,False,,0,0,0,0.0
FaultyCase1,Set1_1,1,1566,5181,Flow_Top_Riser,5811,True,86.0,2145,14,606,0.2824601366742597
FaultyCase1,Set1_1,1,1566,5181,Level_Top_Sep,5811,True,519.0,133,105,0,0.04783599088838269
FaultyCase1,Set1_1,1,1566,5181,Flow_Top_Sep_Out,5811,True,3113.0,82,0,4,0.0018223234624145787
FaultyCase1,Set1_1,1,1566,5181,Density_Top_Riser,5811,True,3104.0,207,0,10,0.004555808656036446
FaultyCase1,Set1_1,1,1566,5181,Density_Top_Sep_Out,5811,True,380.0,1443,11,622,0.2883826879271071
FaultyCase1,Set1_1,1,1566,5181,Density_Water_In,5811,False,,659,659,0,0.30022779043280184
FaultyCase1,Set1_1,1,1566,5181,Temp_Top_Riser,5811,True,0.0,5811,1566,629,1.0
FaultyCase1,Set1_1,1,1566,5181,Temp_Top_Sep_Out,5811,True,0.0,5811,1566,629,1.0
FaultyCase1,Set1_1,1,1566,5181,Temp_Water_In,5811,True,0.0,5811,1566,629,1.0
FaultyCase1,Set1_1,1,1566,5181,Level_3Phase_Sep,5811,True,0.0,5811,1566,629,1.0
FaultyCase1,Set1_1,1,1566,5181,Pos_VC501,5811,True,3134.0,296,0,61,0.027790432801822324
FaultyCase1,Set1_1,1,1566,5181,Pos_VC302,5811,False,,0,0,0,0.0
FaultyCase1,Set1_1,1,1566,5181,Pos_VC101,5811,False,,0,0,0,0.0
FaultyCase1,Set1_1,1,1566,5181,Pump_Current_PO1,5811,True,1065.0,2,0,0,0.0
FaultyCase1,Set1_2,1,657,3777,Air_Delivery_P,4467,True,1802.0,1395,0,76,0.05646359583952452
FaultyCase1,Set1_2,1,657,3777,P_Bottom_Riser,4467,True,2529.0,500,0,66,0.04903417533432392
FaultyCase1,Set1_2,1,657,3777,P_Top_Riser,4467,True,2407.0,981,123,270,0.2919762258543834
FaultyCase1,Set1_2,1,657,3777,P_Top_Separator,4467,True,2408.0,830,45,206,0.18647845468053492
FaultyCase1,Set1_2,1,657,3777,P_3Phase_Separator,4467,True,109.0,1364,377,312,0.5118870728083209
FaultyCase1,Set1_2,1,657,3777,Diff_P_Riser,4467,True,2481.0,451,0,15,0.011144130757800892
FaultyCase1,Set1_2,1,657,3777,Diff_P_VC404,4467,True,374.0,344,2,315,0.23551263001485884
FaultyCase1,Set1_2,1,657,3777,Air_In_Flow,4467,True,2703.0,420,0,2,0.0014858841010401188
FaultyCase1,Set1_2,1,657,3777,Water_In_Flow,4467,False,,0,0,0,0.0
FaultyCase1,Set1_2,1,657,3777,Flow_Top_Riser,4467,True,0.0,3841,547,633,0.8766716196136701
FaultyCase1,Set1_2,1,657,3777,Level_Top_Sep,4467,True,585.0,181,0,29,0.021545319465081723
FaultyCase1,Set1_2,1,657,3777,Flow_Top_Sep_Out,4467,True,2586.0,5,0,0,0.0
FaultyCase1,Set1_2,1,657,3777,Density_Top_Riser,4467,True,2438.0,451,0,19,0.01411589895988113
FaultyCase1,Set1_2,1,657,3777,Density_Top_Sep_Out,4467,True,2493.0,1190,0,680,0.5052005943536404
FaultyCase1,Set1_2,1,657,3777,Density_Water_In,4467,False,,0,0,0,0.0
FaultyCase1,Set1_2,1,657,3777,Temp_Top_Riser,4467,True,0.0,4467,657,689,1.0
FaultyCase1,Set1_2,1,657,3777,Temp_Top_Sep_Out,4467,True,0.0,4467,657,689,1.0
FaultyCase1,Set1_2,1,657,3777,Temp_Water_In,4467,True,0.0,4369,559,689,0.9271916790490342
FaultyCase1,Set1_2,1,657,3777,Level_3Phase_Sep,4467,False,,19,19,0,0.01411589895988113
FaultyCase1,Set1_2,1,657,3777,Pos_VC501,4467,True,2452.0,676,0,124,0.09212481426448738
FaultyCase1,Set1_2,1,657,3777,Pos_VC302,4467,False,,0,0,0,0.0
FaultyCase1,Set1_2,1,657,3777,Pos_VC101,4467,False,,0,0,0,0.0
FaultyCase1,Set1_2,1,657,3777,Pump_Current_PO1,4467,False,,0,0,0,0.0
FaultyCase1,Set1_3,1,691,3691,Air_Delivery_P,4321,True,1806.0,1266,0,71,0.05378787878787879
FaultyCase1,Set1_3,1,691,3691,P_Bottom_Riser,4321,True,2416.0,534,0,70,0.05303030303030303
FaultyCase1,Set1_3,1,691,3691,P_Top_Riser,4321,True,2407.0,566,0,202,0.15303030303030302
FaultyCase1,Set1_3,1,691,3691,P_Top_Separator,4321,True,2409.0,464,0,177,0.1340909090909091
FaultyCase1,Set1_3,1,691,3691,P_3Phase_Separator,4321,True,2409.0,814,51,358,0.3098484848484849
FaultyCase1,Set1_3,1,691,3691,Diff_P_Riser,4321,True,2415.0,471,0,11,0.008333333333333333
FaultyCase1,Set1_3,1,691,3691,Diff_P_VC404,4321,True,0.0,3416,645,358,0.7598484848484849
FaultyCase1,Set1_3,1,691,3691,Air_In_Flow,4321,True,2710.0,291,0,0,0.0
FaultyCase1,Set1_3,1,691,3691,Water_In_Flow,4321,False,,0,0,0,0.0
FaultyCase1,Set1_3,1,691,3691,Flow_Top_Riser,4321,True,113.0,465,21,42,0.04772727272727273
FaultyCase1,Set1_3,1,691,3691,Level_Top_Sep,4321,True,2507.0,100,0,55,0.041666666666666664
FaultyCase1,Set1_3,1,691,3691,Flow_Top_Sep_Out,4321,True,2442.0,8,0,0,0.0
FaultyCase1,Set1_3,1,691,3691,Density_Top_Riser,4321,True,2427.0,372,0,11,0.008333333333333333
FaultyCase1,Set1_3,1,691,3691,Density_Top_Sep_Out,4321,True,0.0,4225,691,617,0.990909090909091
FaultyCase1,Set1_3,1,691,3691,Density_Water_In,4321,False,,0,0,0,0.0
FaultyCase1,Set1_3,1,691,3691,Temp_Top_Riser,4321,True,0.0,4321,691,629,1.0
FaultyCase1,Set1_3,1,691,3691,Temp_Top_Sep_Out,4321,True,0.0,4321,691,629,1.0
FaultyCase1,Set1_3,1,691,3691,Temp_Water_In,4321,True,0.0,4321,691,629,1.0
FaultyCase1,Set1_3,1,691,3691,Level_3Phase_Sep,4321,False,,28,0,28,0.021212121212121213
FaultyCase1,Set1_3,1,691,3691,Pos_VC501,4321,True,2433.0,475,0,31,0.023484848484848483
FaultyCase1,Set1_3,1,691,3691,Pos_VC302,4321,False,,0,0,0,0.0
FaultyCase1,Set1_3,1,691,3691,Pos_VC101,4321,False,,0,0,0,0.0
FaultyCase1,Set1_3,1,691,3691,Pump_Current_PO1,4321,False,,0,0,0,0.0
FaultyCase2,Set2_1,1,2244,6616,Air_Delivery_P,9192,False,,0,0,0,0.0
FaultyCase2,Set2_1,1,2244,6616,P_Bottom_Riser,9192,False,,0,0,0,0.0
FaultyCase2,Set2_1,1,2244,6616,P_Top_Riser,9192,True,294.0,264,188,63,0.05208549491595767
FaultyCase2,Set2_1,1,2244,6616,P_Top_Separator,9192,False,,176,137,39,0.036522100020751194
FaultyCase2,Set2_1,1,2244,6616,P_3Phase_Separator,9192,True,1501.0,885,434,412,0.17555509441792902
FaultyCase2,Set2_1,1,2244,6616,Diff_P_Riser,9192,False,,0,0,0,0.0
FaultyCase2,Set2_1,1,2244,6616,Diff_P_VC404,9192,True,30.0,573,18,4,0.004565262502593899
FaultyCase2,Set2_1,1,2244,6616,Air_In_Flow,9192,False,,0,0,0,0.0
FaultyCase2,Set2_1,1,2244,6616,Water_In_Flow,9192,False,,0,0,0,0.0
FaultyCase2,Set2_1,1,2244,6616,Flow_Top_Riser,9192,True,0.0,3624,1084,192,0.26478522515044617
FaultyCase2,Set2_1,1,2244,6616,Level_Top_Sep,9192,True,220.0,553,163,92,0.05291554264370201
FaultyCase2,Set2_1,1,2244,6616,Flow_Top_Sep_Out,9192,False,,0,0,0,0.0
FaultyCase2,Set2_1,1,2244,6616,Density_Top_Riser,9192,False,,0,0,0,0.0
FaultyCase2,Set2_1,1,2244,6616,Density_Top_Sep_Out,9192,True,474.0,3208,0,163,0.03382444490558207
FaultyCase2,Set2_1,1,2244,6616,Density_Water_In,9192,False,,1171,1060,111,0.2429964722971571
FaultyCase2,Set2_1,1,2244,6616,Temp_Top_Riser,9192,True,0.0,9008,2060,2575,0.9618178045237601
FaultyCase2,Set2_1,1,2244,6616,Temp_Top_Sep_Out,9192,True,0.0,8913,1965,2575,0.9421041709898319
FaultyCase2,Set2_1,1,2244,6616,Temp_Water_In,9192,True,0.0,8325,1377,2575,0.8200871550114132
FaultyCase2,Set2_1,1,2244,6616,Level_3Phase_Sep,9192,True,0.0,9192,2244,2575,1.0
FaultyCase2,Set2_1,1,2244,6616,Pos_VC501,9192,False,,0,0,0,0.0
FaultyCase2,Set2_1,1,2244,6616,Pos_VC302,9192,False,,0,0,0,0.0
FaultyCase2,Set2_1,1,2244,6616,Pos_VC101,9192,True,3604.0,713,0,0,0.0
FaultyCase2,Set2_1,1,2244,6616,Pump_Current_PO1,9192,False,,0,0,0,0.0
FaultyCase2,Set2_2,1,476,2656,Air_Delivery_P,3496,False,,12,0,12,0.009125475285171103
FaultyCase2,Set2_2,1,476,2656,P_Bottom_Riser,3496,False,,12,0,12,0.009125475285171103
FaultyCase2,Set2_2,1,476,2656,P_Top_Riser,3496,False,,126,0,126,0.09581749049429658
FaultyCase2,Set2_2,1,476,2656,P_Top_Separator,3496,False,,99,0,99,0.0752851711026616
FaultyCase2,Set2_2,1,476,2656,P_3Phase_Separator,3496,False,,400,0,400,0.3041825095057034
FaultyCase2,Set2_2,1,476,2656,Diff_P_Riser,3496,False,,9,0,9,0.006844106463878327
FaultyCase2,Set2_2,1,476,2656,Diff_P_VC404,3496,True,10.0,231,35,62,0.07376425855513308
FaultyCase2,Set2_2,1,476,2656,Air_In_Flow,3496,False,,0,0,0,0.0
FaultyCase2,Set2_2,1,476,2656,Water_In_Flow,3496,False,,0,0,0,0.0
FaultyCase2,Set2_2,1,476,2656,Flow_Top_Riser,3496,True,8.0,437,62,142,0.15513307984790875
FaultyCase2,Set2_2,1,476,2656,Level_Top_Sep,3496,True,99.0,98,23,37,0.045627376425855515
FaultyCase2,Set2_2,1,476,2656,Flow_Top_Sep_Out,3496,False,,3,0,3,0.0022813688212927757
FaultyCase2,Set2_2,1,476,2656,Density_Top_Riser,3496,False,,7,0,7,0.00532319391634981
FaultyCase2,Set2_2,1,476,2656,Density_Top_Sep_Out,3496,True,0.0,3154,476,776,0.9520912547528517
FaultyCase2,Set2_2,1,476,2656,Density_Water_In,3496,False,,0,0,0,0.0
FaultyCase2,Set2_2,1,476,2656,Temp_Top_Riser,3496,True,0.0,3496,476,839,1.0
FaultyCase2,Set2_2,1,476,2656,Temp_Top_Sep_Out,3496,True,0.0,3496,476,839,1.0
FaultyCase2,Set2_2,1,476,2656,Temp_Water_In,3496,True,0.0,3496,476,839,1.0
FaultyCase2,Set2_2,1,476,2656,Level_3Phase_Sep,3496,True,0.0,3496,476,839,1.0
FaultyCase2,Set2_2,1,476,2656,Pos_VC501,3496,False,,0,0,0,0.0
FaultyCase2,Set2_2,1,476,2656,Pos_VC302,3496,False,,0,0,0,0.0
FaultyCase2,Set2_2,1,476,2656,Pos_VC101,3496,True,1825.0,370,0,14,0.01064638783269962
FaultyCase2,Set2_2,1,476,2656,Pump_Current_PO1,3496,False,,0,0,0,0.0
FaultyCase2,Set2_3,1,331,2467,Air_Delivery_P,3421,False,,0,0,0,0.0
FaultyCase2,Set2_3,1,331,2467,P_Bottom_Riser,3421,False,,0,0,0,0.0
FaultyCase2,Set2_3,1,331,2467,P_Top_Riser,3421,False,,230,0,230,0.1791277258566978
FaultyCase2,Set2_3,1,331,2467,P_Top_Separator,3421,False,,206,0,206,0.16043613707165108
FaultyCase2,Set2_3,1,331,2467,P_3Phase_Separator,3421,False,,603,81,522,0.4696261682242991
FaultyCase2,Set2_3,1,331,2467,Diff_P_Riser,3421,False,,0,0,0,0.0
FaultyCase2,Set2_3,1,331,2467,Diff_P_VC404,3421,True,0.0,1939,230,625,0.6658878504672897
FaultyCase2,Set2_3,1,331,2467,Air_In_Flow,3421,False,,0,0,0,0.0
FaultyCase2,Set2_3,1,331,2467,Water_In_Flow,3421,False,,7,0,7,0.005451713395638629
FaultyCase2,Set2_3,1,331,2467,Flow_Top_Riser,3421,True,0.0,2998,325,871,0.9314641744548287
FaultyCase2,Set2_3,1,331,2467,Level_Top_Sep,3421,True,1636.0,22,0,0,0.0
FaultyCase2,Set2_3,1,331,2467,Flow_Top_Sep_Out,3421,False,,0,0,0,0.0
FaultyCase2,Set2_3,1,331,2467,Density_Top_Riser,3421,False,,0,0,0,0.0
FaultyCase2,Set2_3,1,331,2467,Density_Top_Sep_Out,3421,True,0.0,3145,331,906,0.9633956386292835
FaultyCase2,Set2_3,1,331,2467,Density_Water_In,3421,True,1643.0,530,0,36,0.028037383177570093
FaultyCase2,Set2_3,1,331,2467,Temp_Top_Riser,3421,True,0.0,3421,331,953,1.0
FaultyCase2,Set2_3,1,331,2467,Temp_Top_Sep_Out,3421,True,0.0,3421,331,953,1.0
FaultyCase2,Set2_3,1,331,2467,Temp_Water_In,3421,True,0.0,3421,331,953,1.0
FaultyCase2,Set2_3,1,331,2467,Level_3Phase_Sep,3421,True,0.0,3421,331,953,1.0
FaultyCase2,Set2_3,1,331,2467,Pos_VC501,3421,False,,56,0,56,0.04361370716510903
FaultyCase2,Set2_3,1,331,2467,Pos_VC302,3421,False,,0,0,0,0.0
FaultyCase2,Set2_3,1,331,2467,Pos_VC101,3421,True,1509.0,641,0,13,0.010124610591900311
FaultyCase2,Set2_3,1,331,2467,Pump_Current_PO1,3421,False,,0,0,0,0.0
FaultyCase3,Set3_1,1,1136,8352,Air_Delivery_P,9090,True,706.0,6530,0,19,0.01014415376401495
FaultyCase3,Set3_1,1,1136,8352,P_Bottom_Riser,9090,True,705.0,6530,0,18,0.009610250934329953
FaultyCase3,Set3_1,1,1136,8352,P_Top_Riser,9090,True,25.0,7564,191,210,0.21409503470368393
FaultyCase3,Set3_1,1,1136,8352,P_Top_Separator,9090,True,33.0,2620,168,203,0.198077949813134
FaultyCase3,Set3_1,1,1136,8352,P_3Phase_Separator,9090,True,0.0,2006,312,299,0.3262146289375334
FaultyCase3,Set3_1,1,1136,8352,Diff_P_Riser,9090,True,6427.0,213,0,6,0.003203416978109984
FaultyCase3,Set3_1,1,1136,8352,Diff_P_VC404,9090,True,4.0,7282,30,69,0.05285638013881474
FaultyCase3,Set3_1,1,1136,8352,Air_In_Flow,9090,False,,0,0,0,0.0
FaultyCase3,Set3_1,1,1136,8352,Water_In_Flow,9090,False,,0,0,0,0.0
FaultyCase3,Set3_1,1,1136,8352,Flow_Top_Riser,9090,True,0.0,2492,376,504,0.46983449012279765
FaultyCase3,Set3_1,1,1136,8352,Level_Top_Sep,9090,True,130.0,232,81,35,0.06193272824345969
FaultyCase3,Set3_1,1,1136,8352,Flow_Top_Sep_Out,9090,False,,0,0,0,0.0
FaultyCase3,Set3_1,1,1136,8352,Density_Top_Riser,9090,True,6421.0,329,0,0,0.0
FaultyCase3,Set3_1,1,1136,8352,Density_Top_Sep_Out,9090,True,6532.0,1350,0,737,0.39348638547784304
FaultyCase3,Set3_1,1,1136,8352,Density_Water_In,9090,True,192.0,2036,934,0,0.4986652429257875
FaultyCase3,Set3_1,1,1136,8352,Temp_Top_Riser,9090,True,0.0,9090,1136,737,1.0
FaultyCase3,Set3_1,1,1136,8352,Temp_Top_Sep_Out,9090,True,0.0,9090,1136,737,1.0
FaultyCase3,Set3_1,1,1136,8352,Temp_Water_In,9090,True,0.0,9090,1136,737,1.0
FaultyCase3,Set3_1,1,1136,8352,Level_3Phase_Sep,9090,True,0.0,9090,1136,737,1.0
FaultyCase3,Set3_1,1,1136,8352,Pos_VC501,9090,True,6379.0,536,0,75,0.0400427122263748
FaultyCase3,Set3_1,1,1136,8352,Pos_VC302,9090,False,,0,0,0,0.0
FaultyCase3,Set3_1,1,1136,8352,Pos_VC101,9090,True,5967.0,1206,0,5,0.0026695141484249867
FaultyCase3,Set3_1,1,1136,8352,Pump_Current_PO1,9090,True,1515.0,1,0,0,0.0
FaultyCase3,Set3_2,1,333,5871,Air_Delivery_P,6272,True,4287.0,1250,0,22,0.030013642564802184
FaultyCase3,Set3_2,1,333,5871,P_Bottom_Riser,6272,True,4288.0,1242,0,20,0.027285129604365622
FaultyCase3,Set3_2,1,333,5871,P_Top_Riser,6272,True,0.0,6104,282,284,0.772169167803547
FaultyCase3,Set3_2,1,333,5871,P_Top_Separator,6272,True,0.0,6053,258,274,0.7257844474761255
FaultyCase3,Set3_2,1,333,5871,P_3Phase_Separator,6272,True,0.0,6246,333,374,0.9645293315143247
FaultyCase3,Set3_2,1,333,5871,Diff_P_Riser,6272,False,,5,0,5,0.0068212824010914054
FaultyCase3,Set3_2,1,333,5871,Diff_P_VC404,6272,True,46.0,4896,38,72,0.15006821282401092
FaultyCase3,Set3_2,1,333,5871,Air_In_Flow,6272,False,,0,0,0,0.0
FaultyCase3,Set3_2,1,333,5871,Water_In_Flow,6272,False,,0,0,0,0.0
FaultyCase3,Set3_2,1,333,5871,Flow_Top_Riser,6272,True,17.0,883,27,98,0.17053206002728513
FaultyCase3,Set3_2,1,333,5871,Level_Top_Sep,6272,False,,11,0,11,0.015006821282401092
FaultyCase3,Set3_2,1,333,5871,Flow_Top_Sep_Out,6272,True,1923.0,1,0,0,0.0
FaultyCase3,Set3_2,1,333,5871,Density_Top_Riser,6272,False,,0,0,0,0.0
FaultyCase3,Set3_2,1,333,5871,Density_Top_Sep_Out,6272,True,0.0,2699,333,400,1.0
FaultyCase3,Set3_2,1,333,5871,Density_Water_In,6272,True,661.0,5,0,0,0.0
FaultyCase3,Set3_2,1,333,5871,Temp_Top_Riser,6272,True,0.0,6272,333,400,1.0
FaultyCase3,Set3_2,1,333,5871,Temp_Top_Sep_Out,6272,True,0.0,6272,333,400,1.0
FaultyCase3,Set3_2,1,333,5871,Temp_Water_In,6272,True,0.0,6272,333,400,1.0
FaultyCase3,Set3_2,1,333,5871,Level_3Phase_Sep,6272,True,0.0,6272,333,400,1.0
FaultyCase3,Set3_2,1,333,5871,Pos_VC501,6272,False,,92,0,92,0.12551159618008187
FaultyCase3,Set3_2,1,333,5871,Pos_VC302,6272,False,,0,0,0,0.0
FaultyCase3,Set3_2,1,333,5871,Pos_VC101,6272,True,5424.0,119,0,4,0.005457025920873124
FaultyCase3,Set3_2,1,333,5871,Pump_Current_PO1,6272,False,,0,0,0,0.0
FaultyCase3,Set3_3,1,596,9566,Air_Delivery_P,10764,True,570.0,8357,0,39,0.021751254880089235
FaultyCase3,Set3_3,1,596,9566,P_Bottom_Riser,10764,True,568.0,8376,0,40,0.022308979364194088
FaultyCase3,Set3_3,1,596,9566,P_Top_Riser,10764,True,258.0,9094,0,488,0.27216954824316786
FaultyCase3,Set3_3,1,596,9566,P_Top_Separator,10764,True,6200.0,1652,0,461,0.2571109871723369
FaultyCase3,Set3_3,1,596,9566,P_3Phase_Separator,10764,True,5534.0,2376,0,674,0.3759063022866704
FaultyCase3,Set3_3,1,596,9566,Diff_P_Riser,10764,True,4907.0,1290,0,17,0.009481316229782488
FaultyCase3,Set3_3,1,596,9566,Diff_P_VC404,10764,True,8.0,9172,0,210,0.11712214166201897
FaultyCase3,Set3_3,1,596,9566,Air_In_Flow,10764,False,,0,0,0,0.0
FaultyCase3,Set3_3,1,596,9566,Water_In_Flow,10764,False,,0,0,0,0.0
FaultyCase3,Set3_3,1,596,9566,Flow_Top_Riser,10764,True,1.0,340,14,83,0.054099274958170664
FaultyCase3,Set3_3,1,596,9566,Level_Top_Sep,10764,True,246.0,356,0,99,0.05521472392638037
FaultyCase3,Set3_3,1,596,9566,Flow_Top_Sep_Out,10764,True,327.0,2,0,0,0.0
FaultyCase3,Set3_3,1,596,9566,Density_Top_Riser,10764,True,2433.0,3725,0,15,0.008365867261572783
FaultyCase3,Set3_3,1,596,9566,Density_Top_Sep_Out,10764,True,0.0,2810,596,1187,0.9944227551589515
FaultyCase3,Set3_3,1,596,9566,Density_Water_In,10764,True,5630.0,3340,0,44,0.024539877300613498
FaultyCase3,Set3_3,1,596,9566,Temp_Top_Riser,10764,True,0.0,10764,596,1197,1.0
FaultyCase3,Set3_3,1,596,9566,Temp_Top_Sep_Out,10764,True,0.0,10764,596,1197,1.0
FaultyCase3,Set3_3,1,596,9566,Temp_Water_In,10764,True,0.0,10764,596,1197,1.0
FaultyCase3,Set3_3,1,596,9566,Level_3Phase_Sep,10764,True,0.0,10764,596,1197,1.0
FaultyCase3,Set3_3,1,596,9566,Pos_VC501,10764,True,7833.0,648,0,214,0.11935303959843838
FaultyCase3,Set3_3,1,596,9566,Pos_VC302,10764,False,,0,0,0,0.0
FaultyCase3,Set3_3,1,596,9566,Pos_VC101,10764,True,5016.0,3973,0,18,0.010039040713887339
FaultyCase3,Set3_3,1,596,9566,Pump_Current_PO1,10764,True,2050.0,8,1,5,0.0033463469046291134
FaultyCase4,Set4_1,1,953,6294,Air_Delivery_P,7208,True,462.0,2410,0,35,0.018756698821007504
FaultyCase4,Set4_1,1,953,6294,P_Bottom_Riser,7208,True,463.0,2663,0,36,0.01929260450160772
FaultyCase4,Set4_1,1,953,6294,P_Top_Riser,7208,True,0.0,1599,83,91,0.0932475884244373
FaultyCase4,Set4_1,1,953,6294,P_Top_Separator,7208,True,453.0,994,78,84,0.08681672025723473
FaultyCase4,Set4_1,1,953,6294,P_3Phase_Separator,7208,True,0.0,1538,229,281,0.2733118971061093
FaultyCase4,Set4_1,1,953,6294,Diff_P_Riser,7208,True,462.0,2661,0,36,0.01929260450160772
FaultyCase4,Set4_1,1,953,6294,Diff_P_VC404,7208,True,91.0,237,8,39,0.025187566988210074
FaultyCase4,Set4_1,1,953,6294,Air_In_Flow,7208,False,,0,0,0,0.0
FaultyCase4,Set4_1,1,953,6294,Water_In_Flow,7208,False,,0,0,0,0.0
FaultyCase4,Set4_1,1,953,6294,Flow_Top_Riser,7208,True,0.0,2091,238,56,0.15755627009646303
FaultyCase4,Set4_1,1,953,6294,Level_Top_Sep,7208,True,506.0,643,57,35,0.04930332261521972
FaultyCase4,Set4_1,1,953,6294,Flow_Top_Sep_Out,7208,True,925.0,77,0,22,0.011789924973204717
FaultyCase4,Set4_1,1,953,6294,Density_Top_Riser,7208,True,569.0,1759,0,35,0.018756698821007504
FaultyCase4,Set4_1,1,953,6294,Density_Top_Sep_Out,7208,True,598.0,2379,0,524,0.2808145766345123
FaultyCase4,Set4_1,1,953,6294,Density_Water_In,7208,True,0.0,1210,953,0,0.5107181136120043
FaultyCase4,Set4_1,1,953,6294,Temp_Top_Riser,7208,True,0.0,7208,953,913,1.0
FaultyCase4,Set4_1,1,953,6294,Temp_Top_Sep_Out,7208,True,0.0,7208,953,913,1.0
FaultyCase4,Set4_1,1,953,6294,Temp_Water_In,7208,True,0.0,7208,953,913,1.0
FaultyCase4,Set4_1,1,953,6294,Level_3Phase_Sep,7208,True,0.0,7208,953,913,1.0
FaultyCase4,Set4_1,1,953,6294,Pos_VC501,7208,True,937.0,2,0,0,0.0
FaultyCase4,Set4_1,1,953,6294,Pos_VC302,7208,False,,0,0,0,0.0
FaultyCase4,Set4_1,1,953,6294,Pos_VC101,7208,False,,0,0,0,0.0
FaultyCase4,Set4_1,1,953,6294,Pump_Current_PO1,7208,True,1014.0,4,0,0,0.0
FaultyCase4,Set4_2,1,851,3851,Air_Delivery_P,4451,True,431.0,558,0,79,0.05448275862068966
FaultyCase4,Set4_2,1,851,3851,P_Bottom_Riser,4451,True,427.0,648,0,80,0.05517241379310345
FaultyCase4,Set4_2,1,851,3851,P_Top_Riser,4451,True,440.0,646,0,314,0.21655172413793103
FaultyCase4,Set4_2,1,851,3851,P_Top_Separator,4451,True,462.0,438,0,288,0.1986206896551724
FaultyCase4,Set4_2,1,851,3851,P_3Phase_Separator,4451,True,439.0,925,17,402,0.2889655172413793
FaultyCase4,Set4_2,1,851,3851,Diff_P_Riser,4451,True,429.0,586,0,20,0.013793103448275862
FaultyCase4,Set4_2,1,851,3851,Diff_P_VC404,4451,True,5.0,775,179,529,0.4882758620689655
FaultyCase4,Set4_2,1,851,3851,Air_In_Flow,4451,False,,0,0,0,0.0
FaultyCase4,Set4_2,1,851,3851,Water_In_Flow,4451,False,,0,0,0,0.0
FaultyCase4,Set4_2,1,851,3851,Flow_Top_Riser,4451,True,0.0,2061,815,537,0.9324137931034483
FaultyCase4,Set4_2,1,851,3851,Level_Top_Sep,4451,True,111.0,439,60,103,0.11241379310344828
FaultyCase4,Set4_2,1,851,3851,Flow_Top_Sep_Out,4451,True,611.0,5,0,0,0.0
FaultyCase4,Set4_2,1,851,3851,Density_Top_Riser,4451,True,443.0,318,0,21,0.014482758620689656
FaultyCase4,Set4_2,1,851,3851,Density_Top_Sep_Out,4451,True,0.0,1533,851,155,0.6937931034482758
FaultyCase4,Set4_2,1,851,3851,Density_Water_In,4451,False,,0,0,0,0.0
FaultyCase4,Set4_2,1,851,3851,Temp_Top_Riser,4451,True,0.0,4451,851,599,1.0
FaultyCase4,Set4_2,1,851,3851,Temp_Top_Sep_Out,4451,True,0.0,4451,851,599,1.0
FaultyCase4,Set4_2,1,851,3851,Temp_Water_In,4451,True,0.0,4451,851,599,1.0
FaultyCase4,Set4_2,1,851,3851,Level_3Phase_Sep,4451,True,0.0,4451,851,599,1.0
FaultyCase4,Set4_2,1,851,3851,Pos_VC501,4451,False,,18,0,18,0.012413793103448275
FaultyCase4,Set4_2,1,851,3851,Pos_VC302,4451,False,,0,0,0,0.0
FaultyCase4,Set4_2,1,851,3851,Pos_VC101,4451,False,,0,0,0,0.0
FaultyCase4,Set4_2,1,851,3851,Pump_Current_PO1,4451,False,,0,0,0,0.0
FaultyCase4,Set4_3,1,241,3241,Air_Delivery_P,3661,True,369.0,823,0,99,0.15
FaultyCase4,Set4_3,1,241,3241,P_Bottom_Riser,3661,True,367.0,949,0,99,0.15
FaultyCase4,Set4_3,1,241,3241,P_Top_Riser,3661,True,391.0,575,0,226,0.3424242424242424
FaultyCase4,Set4_3,1,241,3241,P_Top_Separator,3661,True,402.0,405,0,189,0.2863636363636364
FaultyCase4,Set4_3,1,241,3241,P_3Phase_Separator,3661,True,411.0,690,0,338,0.5121212121212121
FaultyCase4,Set4_3,1,241,3241,Diff_P_Riser,3661,True,368.0,885,0,35,0.05303030303030303
FaultyCase4,Set4_3,1,241,3241,Diff_P_VC404,3661,True,407.0,292,0,139,0.2106060606060606
FaultyCase4,Set4_3,1,241,3241,Air_In_Flow,3661,False,,0,0,0,0.0
FaultyCase4,Set4_3,1,241,3241,Water_In_Flow,3661,False,,0,0,0,0.0
FaultyCase4,Set4_3,1,241,3241,Flow_Top_Riser,3661,True,43.0,623,7,57,0.09696969696969697
FaultyCase4,Set4_3,1,241,3241,Level_Top_Sep,3661,True,30.0,656,53,163,0.32727272727272727
FaultyCase4,Set4_3,1,241,3241,Flow_Top_Sep_Out,3661,False,,0,0,0,0.0
FaultyCase4,Set4_3,1,241,3241,Density_Top_Riser,3661,True,380.0,540,0,40,0.06060606060606061
FaultyCase4,Set4_3,1,241,3241,Density_Top_Sep_Out,3661,True,0.0,1444,241,322,0.853030303030303
FaultyCase4,Set4_3,1,241,3241,Density_Water_In,3661,False,,0,0,0,0.0
FaultyCase4,Set4_3,1,241,3241,Temp_Top_Riser,3661,True,0.0,3661,241,419,1.0
FaultyCase4,Set4_3,1,241,3241,Temp_Top_Sep_Out,3661,True,0.0,3661,241,419,1.0
FaultyCase4,Set4_3,1,241,3241,Temp_Water_In,3661,True,0.0,3661,241,419,1.0
FaultyCase4,Set4_3,1,241,3241,Level_3Phase_Sep,3661,True,0.0,3661,241,419,1.0
FaultyCase4,Set4_3,1,241,3241,Pos_VC501,3661,False,,0,0,0,0.0
FaultyCase4,Set4_3,1,241,3241,Pos_VC302,3661,False,,0,0,0,0.0
FaultyCase4,Set4_3,1,241,3241,Pos_VC101,3661,False,,0,0,0,0.0
FaultyCase4,Set4_3,1,241,3241,Pump_Current_PO1,3661,True,2263.0,3,0,0,0.0
FaultyCase5,Set5_1,1,686,1172,Air_Delivery_P,2541,True,0.0,1212,618,26,0.42048346055979646
FaultyCase5,Set5_1,2,1772,2253,Air_Delivery_P,2541,True,108.0,1212,618,26,0.42048346055979646
FaultyCase5,Set5_1,1,686,1172,P_Bottom_Riser,2541,True,0.0,1250,622,28,0.42366412213740456
FaultyCase5,Set5_1,2,1772,2253,P_Bottom_Riser,2541,True,106.0,1250,622,28,0.42366412213740456
FaultyCase5,Set5_1,1,686,1172,P_Top_Riser,2541,True,0.0,1260,624,33,0.6119592875318066
FaultyCase5,Set5_1,2,1772,2253,P_Top_Riser,2541,True,27.0,1260,624,33,0.6119592875318066
FaultyCase5,Set5_1,1,686,1172,P_Top_Separator,2541,True,0.0,1181,621,23,0.5833333333333334
FaultyCase5,Set5_1,2,1772,2253,P_Top_Separator,2541,True,28.0,1181,621,23,0.5833333333333334
FaultyCase5,Set5_1,1,686,1172,P_3Phase_Separator,2541,True,0.0,1382,562,103,0.5178117048346056
FaultyCase5,Set5_1,2,1772,2253,P_3Phase_Separator,2541,True,14.0,1382,562,103,0.5178117048346056
FaultyCase5,Set5_1,1,686,1172,Diff_P_Riser,2541,True,21.0,582,4,18,0.023536895674300253
FaultyCase5,Set5_1,2,1772,2253,Diff_P_Riser,2541,True,101.0,582,4,18,0.023536895674300253
FaultyCase5,Set5_1,1,686,1172,Diff_P_VC404,2541,True,87.0,523,399,7,0.26653944020356235
FaultyCase5,Set5_1,2,1772,2253,Diff_P_VC404,2541,True,126.0,523,399,7,0.26653944020356235
FaultyCase5,Set5_1,1,686,1172,Air_In_Flow,2541,True,156.0,377,0,0,0.0
FaultyCase5,Set5_1,2,1772,2253,Air_In_Flow,2541,True,181.0,377,0,0,0.0
FaultyCase5,Set5_1,1,686,1172,Water_In_Flow,2541,False,,319,319,0,0.2029262086513995
FaultyCase5,Set5_1,2,1772,2253,Water_In_Flow,2541,False,,319,319,0,0.2029262086513995
FaultyCase5,Set5_1,1,686,1172,Flow_Top_Riser,2541,True,1.0,514,113,104,0.15139949109414758
FaultyCase5,Set5_1,2,1772,2253,Flow_Top_Riser,2541,True,118.0,514,113,104,0.15139949109414758
FaultyCase5,Set5_1,1,686,1172,Level_Top_Sep,2541,True,0.0,1240,686,212,0.6812977099236641
FaultyCase5,Set5_1,2,1772,2253,Level_Top_Sep,2541,True,181.0,1240,686,212,0.6812977099236641
FaultyCase5,Set5_1,1,686,1172,Flow_Top_Sep_Out,2541,True,0.0,1020,579,31,0.405852417302799
FaultyCase5,Set5_1,2,1772,2253,Flow_Top_Sep_Out,2541,True,127.0,1020,579,31,0.405852417302799
FaultyCase5,Set5_1,1,686,1172,Density_Top_Riser,2541,True,0.0,614,192,29,0.14821882951653945
FaultyCase5,Set5_1,2,1772,2253,Density_Top_Riser,2541,True,103.0,614,192,29,0.14821882951653945
FaultyCase5,Set5_1,1,686,1172,Density_Top_Sep_Out,2541,True,0.0,2501,686,283,0.9949109414758269
FaultyCase5,Set5_1,2,1772,2253,Density_Top_Sep_Out,2541,True,0.0,2501,686,283,0.9949109414758269
FaultyCase5,Set5_1,1,686,1172,Density_Water_In,2541,False,,266,0,0,0.07888040712468193
FaultyCase5,Set5_1,2,1772,2253,Density_Water_In,2541,True,0.0,266,0,0,0.07888040712468193
FaultyCase5,Set5_1,1,686,1172,Temp_Top_Riser,2541,True,0.0,2541,686,287,1.0
FaultyCase5,Set5_1,2,1772,2253,Temp_Top_Riser,2541,True,0.0,2541,686,287,1.0
FaultyCase5,Set5_1,1,686,1172,Temp_Top_Sep_Out,2541,True,0.0,2541,686,287,1.0
FaultyCase5,Set5_1,2,1772,2253,Temp_Top_Sep_Out,2541,True,0.0,2541,686,287,1.0
FaultyCase5,Set5_1,1,686,1172,Temp_Water_In,2541,True,0.0,2314,466,287,0.8600508905852418
FaultyCase5,Set5_1,2,1772,2253,Temp_Water_In,2541,True,0.0,2314,466,287,0.8600508905852418
FaultyCase5,Set5_1,1,686,1172,Level_3Phase_Sep,2541,True,0.0,2231,376,287,0.8027989821882952
FaultyCase5,Set5_1,2,1772,2253,Level_3Phase_Sep,2541,True,0.0,2231,376,287,0.8027989821882952
FaultyCase5,Set5_1,1,686,1172,Pos_VC501,2541,True,31.0,926,127,26,0.10814249363867684
FaultyCase5,Set5_1,2,1772,2253,Pos_VC501,2541,True,75.0,926,127,26,0.10814249363867684
FaultyCase5,Set5_1,1,686,1172,Pos_VC302,2541,True,72.0,785,0,0,0.0
FaultyCase5,Set5_1,2,1772,2253,Pos_VC302,2541,True,103.0,785,0,0,0.0
FaultyCase5,Set5_1,1,686,1172,Pos_VC101,2541,False,,322,322,0,0.20483460559796438
FaultyCase5,Set5_1,2,1772,2253,Pos_VC101,2541,False,,322,322,0,0.20483460559796438
FaultyCase5,Set5_1,1,686,1172,Pump_Current_PO1,2541,False,,1,1,0,0.0006361323155216285
FaultyCase5,Set5_1,2,1772,2253,Pump_Current_PO1,2541,False,,1,1,0,0.0006361323155216285
FaultyCase5,Set5_2,1,1633,2955,Air_Delivery_P,10608,True,40.0,3703,38,0,0.0977298341651908
FaultyCase5,Set5_2,2,7031,7553,Air_Delivery_P,10608,True,8.0,3703,38,0,0.0977298341651908
FaultyCase5,Set5_2,3,8057,10608,Air_Delivery_P,10608,True,29.0,3703,38,0,0.0977298341651908
FaultyCase5,Set5_2,1,1633,2955,P_Bottom_Riser,10608,True,39.0,3814,13,0,0.10159394622444051
FaultyCase5,Set5_2,2,7031,7553,P_Bottom_Riser,10608,True,6.0,3814,13,0,0.10159394622444051
FaultyCase5,Set5_2,3,8057,10608,P_Bottom_Riser,10608,True,27.0,3814,13,0,0.10159394622444051
FaultyCase5,Set5_2,1,1633,2955,P_Top_Riser,10608,True,27.0,2684,331,0,0.07470616647882788
FaultyCase5,Set5_2,2,7031,7553,P_Top_Riser,10608,True,48.0,2684,331,0,0.07470616647882788
FaultyCase5,Set5_2,3,8057,10608,P_Top_Riser,10608,True,6.0,2684,331,0,0.07470616647882788
FaultyCase5,Set5_2,1,1633,2955,P_Top_Separator,10608,True,28.0,2304,302,0,0.05715665754306875
FaultyCase5,Set5_2,2,7031,7553,P_Top_Separator,10608,True,103.0,2304,302,0,0.05715665754306875
FaultyCase5,Set5_2,3,8057,10608,P_Top_Separator,10608,True,7.0,2304,302,0,0.05715665754306875
FaultyCase5,Set5_2,1,1633,2955,P_3Phase_Separator,10608,True,22.0,4394,771,0,0.2450491064240863
FaultyCase5,Set5_2,2,7031,7553,P_3Phase_Separator,10608,True,20.0,4394,771,0,0.2450491064240863
FaultyCase5,Set5_2,3,8057,10608,P_3Phase_Separator,10608,True,6.0,4394,771,0,0.2450491064240863
FaultyCase5,Set5_2,1,1633,2955,Diff_P_Riser,10608,True,38.0,3794,16,0,0.10223796490098212
FaultyCase5,Set5_2,2,7031,7553,Diff_P_Riser,10608,True,7.0,3794,16,0,0.10223796490098212
FaultyCase5,Set5_2,3,8057,10608,Diff_P_Riser,10608,True,19.0,3794,16,0,0.10223796490098212
FaultyCase5,Set5_2,1,1633,2955,Diff_P_VC404,10608,True,49.0,2271,336,0,0.10094992754789889
FaultyCase5,Set5_2,2,7031,7553,Diff_P_VC404,10608,True,13.0,2271,336,0,0.10094992754789889
FaultyCase5,Set5_2,3,8057,10608,Diff_P_VC404,10608,True,36.0,2271,336,0,0.10094992754789889
FaultyCase5,Set5_2,1,1633,2955,Air_In_Flow,10608,True,192.0,4441,0,0,0.20479793914023506
FaultyCase5,Set5_2,2,7031,7553,Air_In_Flow,10608,False,,4441,0,0,0.20479793914023506
FaultyCase5,Set5_2,3,8057,10608,Air_In_Flow,10608,True,54.0,4441,0,0,0.20479793914023506
FaultyCase5,Set5_2,1,1633,2955,Water_In_Flow,10608,True,40.0,1975,316,0,0.05152149412332958
FaultyCase5,Set5_2,2,7031,7553,Water_In_Flow,10608,True,20.0,1975,316,0,0.05152149412332958
FaultyCase5,Set5_2,3,8057,10608,Water_In_Flow,10608,True,1971.0,1975,316,0,0.05152149412332958
FaultyCase5,Set5_2,1,1633,2955,Flow_Top_Riser,10608,True,0.0,3696,315,0,0.1993237803896313
FaultyCase5,Set5_2,2,7031,7553,Flow_Top_Riser,10608,True,9.0,3696,315,0,0.1993237803896313
FaultyCase5,Set5_2,3,8057,10608,Flow_Top_Riser,10608,True,0.0,3696,315,0,0.1993237803896313
FaultyCase5,Set5_2,1,1633,2955,Level_Top_Sep,10608,True,0.0,934,275,0,0.10932217034293995
FaultyCase5,Set5_2,2,7031,7553,Level_Top_Sep,10608,True,109.0,934,275,0,0.10932217034293995
FaultyCase5,Set5_2,3,8057,10608,Level_Top_Sep,10608,True,604.0,934,275,0,0.10932217034293995
FaultyCase5,Set5_2,1,1633,2955,Flow_Top_Sep_Out,10608,True,54.0,1227,6,0,0.01867654161970697
FaultyCase5,Set5_2,2,7031,7553,Flow_Top_Sep_Out,10608,True,19.0,1227,6,0,0.01867654161970697
FaultyCase5,Set5_2,3,8057,10608,Flow_Top_Sep_Out,10608,True,42.0,1227,6,0,0.01867654161970697
FaultyCase5,Set5_2,1,1633,2955,Density_Top_Riser,10608,True,43.0,3011,19,0,0.08790854934793109
FaultyCase5,Set5_2,2,7031,7553,Density_Top_Riser,10608,True,13.0,3011,19,0,0.08790854934793109
FaultyCase5,Set5_2,3,8057,10608,Density_Top_Riser,10608,True,24.0,3011,19,0,0.08790854934793109
FaultyCase5,Set5_2,1,1633,2955,Density_Top_Sep_Out,10608,True,52.0,5036,415,0,0.3134760908066334
FaultyCase5,Set5_2,2,7031,7553,Density_Top_Sep_Out,10608,True,0.0,5036,415,0,0.3134760908066334
FaultyCase5,Set5_2,3,8057,10608,Density_Top_Sep_Out,10608,True,0.0,5036,415,0,0.3134760908066334
FaultyCase5,Set5_2,1,1633,2955,Density_Water_In,10608,False,,743,0,0,0.11962646916760586
FaultyCase5,Set5_2,2,7031,7553,Density_Water_In,10608,False,,743,0,0,0.11962646916760586
FaultyCase5,Set5_2,3,8057,10608,Density_Water_In,10608,False,,743,0,0,0.11962646916760586
FaultyCase5,Set5_2,1,1633,2955,Temp_Top_Riser,10608,True,0.0,5178,1633,0,0.5364675575591692
FaultyCase5,Set5_2,2,7031,7553,Temp_Top_Riser,10608,True,0.0,5178,1633,0,0.5364675575591692
FaultyCase5,Set5_2,3,8057,10608,Temp_Top_Riser,10608,False,,5178,1633,0,0.5364675575591692
FaultyCase5,Set5_2,1,1633,2955,Temp_Top_Sep_Out,10608,True,0.0,7421,1633,0,0.6552890033810981
FaultyCase5,Set5_2,2,7031,7553,Temp_Top_Sep_Out,10608,True,0.0,7421,1633,0,0.6552890033810981
FaultyCase5,Set5_2,3,8057,10608,Temp_Top_Sep_Out,10608,True,0.0,7421,1633,0,0.6552890033810981
FaultyCase5,Set5_2,1,1633,2955,Temp_Water_In,10608,True,0.0,6626,1625,0,0.6015134438898728
FaultyCase5,Set5_2,2,7031,7553,Temp_Water_In,10608,True,0.0,6626,1625,0,0.6015134438898728
FaultyCase5,Set5_2,3,8057,10608,Temp_Water_In,10608,True,0.0,6626,1625,0,0.6015134438898728
FaultyCase5,Set5_2,1,1633,2955,Level_3Phase_Sep,10608,False,,31,22,0,0.003542102720978908
FaultyCase5,Set5_2,2,7031,7553,Level_3Phase_Sep,10608,False,,31,22,0,0.003542102720978908
FaultyCase5,Set5_2,3,8057,10608,Level_3Phase_Sep,10608,True,1385.0,31,22,0,0.003542102720978908
FaultyCase5,Set5_2,1,1633,2955,Pos_VC501,10608,True,83.0,5611,75,0,0.326034454999195
FaultyCase5,Set5_2,2,7031,7553,Pos_VC501,10608,False,,5611,75,0,0.326034454999195
FaultyCase5,Set5_2,3,8057,10608,Pos_VC501,10608,True,53.0,5611,75,0,0.326034454999195
FaultyCase5,Set5_2,1,1633,2955,Pos_VC302,10608,True,107.0,5653,0,0,0.3112220254387377
FaultyCase5,Set5_2,2,7031,7553,Pos_VC302,10608,False,,5653,0,0,0.3112220254387377
FaultyCase5,Set5_2,3,8057,10608,Pos_VC302,10608,True,47.0,5653,0,0,0.3112220254387377
FaultyCase5,Set5_2,1,1633,2955,Pos_VC101,10608,True,33.0,1995,311,0,0.050072452101110936
FaultyCase5,Set5_2,2,7031,7553,Pos_VC101,10608,True,1.0,1995,311,0,0.050072452101110936
FaultyCase5,Set5_2,3,8057,10608,Pos_VC101,10608,True,1943.0,1995,311,0,0.050072452101110936
FaultyCase5,Set5_2,1,1633,2955,Pump_Current_PO1,10608,True,42.0,41,6,0,0.0009660280148124296
FaultyCase5,Set5_2,2,7031,7553,Pump_Current_PO1,10608,True,69.0,41,6,0,0.0009660280148124296
FaultyCase5,Set5_2,3,8057,10608,Pump_Current_PO1,10608,True,2207.0,41,6,0,0.0009660280148124296
FaultyCase6,Set6_1,1,1723,2800,Air_Delivery_P,2800,False,,0,0,0,0.0
FaultyCase6,Set6_1,1,1723,2800,P_Bottom_Riser,2800,False,,0,0,0,0.0
FaultyCase6,Set6_1,1,1723,2800,P_Top_Riser,2800,True,269.0,13,0,0,0.0
FaultyCase6,Set6_1,1,1723,2800,P_Top_Separator,2800,True,333.0,2,0,0,0.0
FaultyCase6,Set6_1,1,1723,2800,P_3Phase_Separator,2800,True,320.0,149,48,0,0.027858386535113175
FaultyCase6,Set6_1,1,1723,2800,Diff_P_Riser,2800,False,,0,0,0,0.0
FaultyCase6,Set6_1,1,1723,2800,Diff_P_VC404,2800,True,13.0,1694,907,0,0.526407428903076
FaultyCase6,Set6_1,1,1723,2800,Air_In_Flow,2800,False,,0,0,0,0.0
FaultyCase6,Set6_1,1,1723,2800,Water_In_Flow,2800,True,344.0,733,0,0,0.0
FaultyCase6,Set6_1,1,1723,2800,Flow_Top_Riser,2800,True,0.0,816,598,0,0.347069065583285
FaultyCase6,Set6_1,1,1723,2800,Level_Top_Sep,2800,True,84.0,351,45,0,0.0261172373766686
FaultyCase6,Set6_1,1,1723,2800,Flow_Top_Sep_Out,2800,False,,0,0,0,0.0
FaultyCase6,Set6_1,1,1723,2800,Density_Top_Riser,2800,False,,0,0,0,0.0
FaultyCase6,Set6_1,1,1723,2800,Density_Top_Sep_Out,2800,True,362.0,1907,1192,0,0.6918165989553106
FaultyCase6,Set6_1,1,1723,2800,Density_Water_In,2800,False,,0,0,0,0.0
FaultyCase6,Set6_1,1,1723,2800,Temp_Top_Riser,2800,True,0.0,2800,1723,0,1.0
FaultyCase6,Set6_1,1,1723,2800,Temp_Top_Sep_Out,2800,True,0.0,2800,1723,0,1.0
FaultyCase6,Set6_1,1,1723,2800,Temp_Water_In,2800,True,0.0,2800,1723,0,1.0
FaultyCase6,Set6_1,1,1723,2800,Level_3Phase_Sep,2800,False,,0,0,0,0.0
FaultyCase6,Set6_1,1,1723,2800,Pos_VC501,2800,False,,0,0,0,0.0
FaultyCase6,Set6_1,1,1723,2800,Pos_VC302,2800,False,,0,0,0,0.0
FaultyCase6,Set6_1,1,1723,2800,Pos_VC101,2800,True,337.0,740,0,0,0.0
FaultyCase6,Set6_1,1,1723,2800,Pump_Current_PO1,2800,True,438.0,18,0,0,0.0
FaultyCase6,Set6_2,1,1037,4830,Air_Delivery_P,4830,True,482.0,335,0,0,0.0
FaultyCase6,Set6_2,1,1037,4830,P_Bottom_Riser,4830,True,481.0,265,0,0,0.0
FaultyCase6,Set6_2,1,1037,4830,P_Top_Riser,4830,True,2.0,190,0,0,0.0
FaultyCase6,Set6_2,1,1037,4830,P_Top_Separator,4830,True,4.0,161,0,0,0.0
FaultyCase6,Set6_2,1,1037,4830,P_3Phase_Separator,4830,True,5.0,720,23,0,0.022179363548698167
FaultyCase6,Set6_2,1,1037,4830,Diff_P_Riser,4830,True,527.0,51,0,0,0.0
FaultyCase6,Set6_2,1,1037,4830,Diff_P_VC404,4830,True,0.0,1073,334,0,0.32208293153326906
FaultyCase6,Set6_2,1,1037,4830,Air_In_Flow,4830,False,,0,0,0,0.0
FaultyCase6,Set6_2,1,1037,4830,Water_In_Flow,4830,True,481.0,1088,0,0,0.0
FaultyCase6,Set6_2,1,1037,4830,Flow_Top_Riser,4830,True,1.0,1150,99,0,0.09546769527483125
FaultyCase6,Set6_2,1,1037,4830,Level_Top_Sep,4830,True,65.0,559,36,0,0.03471552555448409
FaultyCase6,Set6_2,1,1037,4830,Flow_Top_Sep_Out,4830,False,,0,0,0,0.0
FaultyCase6,Set6_2,1,1037,4830,Density_Top_Riser,4830,True,483.0,570,0,0,0.0
FaultyCase6,Set6_2,1,1037,4830,Density_Top_Sep_Out,4830,True,486.0,2225,0,0,0.0
FaultyCase6,Set6_2,1,1037,4830,Density_Water_In,4830,True,0.0,694,43,0,0.041465766634522665
FaultyCase6,Set6_2,1,1037,4830,Temp_Top_Riser,4830,True,568.0,482,0,0,0.0
FaultyCase6,Set6_2,1,1037,4830,Temp_Top_Sep_Out,4830,True,529.0,2066,28,0,0.02700096432015429
FaultyCase6,Set6_2,1,1037,4830,Temp_Water_In,4830,True,62.0,1547,44,0,0.04243008678881389
FaultyCase6,Set6_2,1,1037,4830,Level_3Phase_Sep,4830,False,,0,0,0,0.0
FaultyCase6,Set6_2,1,1037,4830,Pos_VC501,4830,False,,0,0,0,0.0
FaultyCase6,Set6_2,1,1037,4830,Pos_VC302,4830,False,,0,0,0,0.0
FaultyCase6,Set6_2,1,1037,4830,Pos_VC101,4830,True,473.0,1092,0,0,0.0
FaultyCase6,Set6_2,1,1037,4830,Pump_Current_PO1,4830,True,465.0,27,0,0,0.0
